{
  "project_info": {
    "project_number": "425098386456",
    "project_id": "wallet-49324",
    "storage_bucket": "wallet-49324.appspot.com"
  },
  "client": [
    {
      "client_info": {
        "mobilesdk_app_id": "1:425098386456:android:d9d8b0ce8cdd5d5839776d",
        "android_client_info": {
          "package_name": "com.example.wallet"
        }
      },
      "oauth_client": [],
      "api_key": [
        {
          "current_key": "AIzaSyD5MHbDg3bgPxn0PrKFK6jaysZGCdo8P8s"
        }
      ],
      "services": {
        "appinvite_service": {
          "other_platform_oauth_client": []
        }
      }
    }
  ],
  "configuration_version": "1"
}